{
  "project_info": {
    "project_number": "275299682975",
    "firebase_url": "https://cdc-teste-460cc.firebaseio.com",
    "project_id": "cdc-teste-460cc",
    "storage_bucket": "cdc-teste-460cc.appspot.com"
  },
  "client": [
    {
      "client_info": {
        "mobilesdk_app_id": "1:275299682975:android:975b0e8f6ec256ba",
        "android_client_info": {
          "package_name": "com.example.alunos.notifyme"
        }
      },
      "oauth_client": [
        {
          "client_id": "275299682975-7dp72pl7753dn57e3hhi9p8hif6aha30.apps.googleusercontent.com",
          "client_type": 3
        }
      ],
      "api_key": [
        {
          "current_key": "AIzaSyD3yU5fmvxXfybRFTpiwf3V3bTiGTjlfg0"
        }
      ],
      "services": {
        "analytics_service": {
          "status": 1
        },
        "appinvite_service": {
          "status": 1,
          "other_platform_oauth_client": []
        },
        "ads_service": {
          "status": 2
        }
      }
    }
  ],
  "configuration_version": "1"
}